{
  "index.html": 1713533647527,
  "controller/BaseController.js": 1714137283352,
  "model/models.js": 1713533647535,
  "controller/Home.controller.js": 1714137805842,
  "controller/Details.controller.js": 1714137751627,
  "manifest.json": 1715085922205,
  "controller/App.controller.js": 1713533647539,
  "Component.js": 1713533647527,
  "Component-preload.js": 1715085922546,
  "model/models-dbg.js": 1713533647535,
  "controller/Home-dbg.controller.js": 1714137805842,
  "controller/Details-dbg.controller.js": 1714137751627,
  "controller/BaseController-dbg.js": 1714137283352,
  "controller/App-dbg.controller.js": 1713533647539,
  "Component-dbg.js": 1713533647527,
  "view/Home.view.xml": 1714137447042,
  "view/Details.view.xml": 1714137453858,
  "view/App.view.xml": 1713533647543,
  "fragments/GeneralInformation.fragment.xml": 1714050867041,
  "fragments/CreateEmployeeDialog.fragment.xml": 1714136052992,
  "fragments/Address.fragment.xml": 1714051114763,
  "css/style.css": 1713533647539,
  "i18n/i18n.properties": 1713790443609
}